score_number,VA=A1,VA=A2,A1=A2,VA = No Proxy,genotype --,Effect R,Effect B,switch Y,scoretyp X,scoretyp Y,scoretyp Z,Lup,value
1a,1,1,1,0,0,1,0,0,1,0,0,SK11100100100,0
1a,1,1,1,0,0,1,0,0,0,1,0,SK11100100010,0
1a,1,1,1,0,0,1,0,0,0,0,1,SK11100100001,0
1b,1,1,1,0,0,0,1,0,1,0,0,SK11100010100,2
1b,1,1,1,0,0,0,1,0,0,1,0,SK11100010010,2
1b,1,1,1,0,0,0,1,0,0,0,1,SK11100010001,2
2a,0,0,1,0,0,1,0,0,1,0,0,SK00100100100,2
2a,0,0,1,0,0,1,0,0,0,1,0,SK00100100010,2
2a,0,0,1,0,0,1,0,0,0,0,1,SK00100100001,2
2b,0,0,1,0,0,0,1,0,1,0,0,SK00100010100,0
2b,0,0,1,0,0,0,1,0,0,1,0,SK00100010010,0
2b,0,0,1,0,0,0,1,0,0,0,1,SK00100010001,0
2a,0,0,1,1,0,1,0,0,1,0,0,SK00110100100,X
2a,0,0,1,1,0,1,0,0,0,1,0,SK00110100010,X
2a,0,0,1,1,0,1,0,0,0,0,1,SK00110100001,X
2b,0,0,1,1,0,0,1,0,1,0,0,SK00110010100,X
2b,0,0,1,1,0,0,1,0,0,1,0,SK00110010010,X
2b,0,0,1,1,0,0,1,0,0,0,1,SK00110010001,X
2a,0,0,1,0,1,1,0,0,1,0,0,SK00101100100,X
2a,0,0,1,0,1,1,0,0,0,1,0,SK00101100010,X
2a,0,0,1,0,1,1,0,0,0,0,1,SK00101100001,X
2b,0,0,1,0,1,0,1,0,1,0,0,SK00101010100,X
2b,0,0,1,0,1,0,1,0,0,1,0,SK00101010010,X
2b,0,0,1,0,1,0,1,0,0,0,1,SK00101010001,X
3a,0,0,0,0,0,1,0,0,1,0,0,SK00000100100,2
3a,0,0,0,0,0,1,0,0,0,1,0,SK00000100010,2
3a,0,0,0,0,0,1,0,0,0,0,1,SK00000100001,2
3b,0,0,0,0,0,0,1,0,1,0,0,SK00000010100,0
3b,0,0,0,0,0,0,1,0,0,1,0,SK00000010010,0
3b,0,0,0,0,0,0,1,0,0,0,1,SK00000010001,0
4a,0,0,0,0,0,1,0,1,1,0,0,SK00000101100,1
4b,0,0,0,0,0,1,0,1,0,1,0,SK00000101010,0
4c,0,0,0,0,0,1,0,1,0,0,1,SK00000101001,2
4d,0,0,0,0,0,0,1,1,1,0,0,SK00000011100,1
4e,0,0,0,0,0,0,1,1,0,1,0,SK00000011010,0
4f,0,0,0,0,0,0,1,1,0,0,1,SK00000011001,2
5a,1,0,0,0,0,1,0,0,1,0,0,SK10000100100,1
5a,0,1,0,0,0,1,0,0,1,0,0,SK01000100100,1
5b,1,0,0,0,0,1,0,0,0,1,0,SK10000100010,0
5b,0,1,0,0,0,1,0,0,0,1,0,SK01000100010,0
5c,1,0,0,0,0,1,0,0,0,0,1,SK10000100001,2
5c,0,1,0,0,0,1,0,0,0,0,1,SK01000100001,2
5d,1,0,0,0,0,0,1,0,1,0,0,SK10000010100,1
5d,0,1,0,0,0,0,1,0,1,0,0,SK01000010100,1
5e,1,0,0,0,0,0,1,0,0,1,0,SK10000010010,0
5e,0,1,0,0,0,0,1,0,0,1,0,SK01000010010,0
5f,1,0,0,0,0,0,1,0,0,0,1,SK10000010001,2
5f,0,1,0,0,0,0,1,0,0,0,1,SK01000010001,2
